ts	phase	decision	why	evidence	result
2026-09-19T21:00:00Z	frame	require complete typed artifacts or an explicit evidence gap for every aspect	missing labels are not permission to use model outputs as truth	news-aggregator-vt6	open
2026-09-19T21:01:00Z	sequence	freeze one shared protocol before any remaining paid calls	model identities, semantics, spend and stop rules must not move after results arrive	news-aggregator-vt6.1	in progress
2026-09-19T21:02:00Z	verification	use the completed 207-case grouping dry run as the execution baseline	it exercises the real v11 corpus without spending on provider calls	/tmp/news-binary-grouping-dry-run.json	207 of 207 completed
2026-09-19T21:03:00Z	labels	mark sentiment not evaluable	no typed human sentiment labels exist; persisted sentiment is model-generated	src/romanian_news/sentiment_label_inventory.json	zero valid labels and zero paid calls
2026-09-19T21:04:00Z	budget	cap all remaining derived-binary provider attempts at USD 10.00	1206 planned requests fit comfortably while a hard pre-attempt stop prevents overrun	src/romanian_news/jev_aspect_evaluation_protocol.json	frozen
2026-09-19T21:05:00Z	semantics	use fixed 0.5 thresholds without v11 tuning	there is no disjoint calibration corpus and reported v11 outcomes must remain descriptive	src/romanian_news/derived_binary_protocol.py	frozen
2026-09-19T21:50:00Z	correction	correct daily-theme inventory from 29 to 27 reviewed pairs	a real immutable-manifest read found per-day counts 3,3,2,2,9,8; the prior mapping was wrong	news-evaluation-2026-09-11-v11	forecast corrected from 1206 to 1188 requests
2026-09-19T21:56:00Z	verification	complete all five real-source dry matrices before paid execution	production catalog and object-store joins must work with exact frozen identities	artifacts/jev-aspect-v1/manifest.json	1188 of 1188 dry judgments completed with zero failures
2026-09-19T22:03:00Z	execution	complete live grouping comparison first	grouping was the first preregistered concern and establishes the rolling spend ledger	artifacts/jev-aspect-v1/news-grouping-live-v1.json	207 of 207 completed; USD 0.283487364
2026-09-19T22:04:00Z	interruption	preserve state before responding to queued context-window risk	ranking had no checkpoint, so no durable ranking result or known ranking spend exists	artifacts/jev-aspect-v1/manifest.json	paused at aggregate known spend USD 0.283487364
2026-09-19T22:05:00Z	risk	add context-window fit as a required deployment decision input	nominal quality and cost are insufficient if routine production requests exceed Jev's usable context	news-aggregator-vt6.6	tracked before final synthesis
2026-09-19T22:20:00Z	budget	increase the per-request Gemini reserve from USD 0.008 to USD 0.020	a completed ranking request cost USD 0.008808; the aggregate USD 10 ceiling remains unchanged	artifacts/jev-aspect-v1/news-ranking-live-v1.json	stopped after 32 durable calls and safe to resume
2026-09-19T22:35:00Z	execution	complete ranking from its exact checkpoint	32 completed judgments were reused; no paid call was repeated	artifacts/jev-aspect-v1/news-ranking-live-v1.json	252 of 252 completed; USD 0.706083564; max input 18069 tokens
2026-09-19T23:00:00Z	execution	score tier only through registered three-class composition	the conditional worth-knowing answer has no independent label for reviewed main cases	artifacts/jev-aspect-v1/news-tier-live-v1-composed.json	Gemini 2.5 14/14/14; Gemini 3.8 13/11/12; Jev 13/13/13 of 25
2026-09-19T23:10:00Z	execution	keep confidence descriptive with no winner	four reviewed cases cannot support a deployment gate even when all trials agree	artifacts/jev-aspect-v1/news-confidence-live-v1-descriptive.json	Gemini 2.5 3/3/3; Gemini 3.8 4/4/4; Jev 4/4/4 of 4
2026-09-19T23:20:00Z	execution	reject a daily-theme deployment claim for every target	all models missed the registered 100 percent must-link gate and pair judgments do not validate partitions	artifacts/jev-aspect-v1/news-daily-theme-live-v1-constraints.json	must-link: Gemini 2.5 7/6/6, Gemini 3.8 3/3/3, Jev 6/6/6 of 13
2026-09-19T23:35:00Z	context	treat 32000 tokens as Jev's effective ceiling for single-question News requests	TypeSafe documents 64000 tokens across state plus all questions and 32000 across state plus the longest question	src/romanian_news/jev_context_limits.json	provider limit registered; tokenizer, output ceiling and overflow behavior remain unknown
2026-09-19T23:40:00Z	context	measure Jev headroom only from provider-reported input tokens	cross-provider token counts are not interchangeable and the artifacts contain three repeated trials per request	artifacts/jev-aspect-v1/jev-context-headroom-reviewed-v1.json	ranking max 18069 tokens or 56.465625 percent; every reviewed request below 75 percent
2026-09-20T00:10:00Z	context	rebuild proposed requests from seven captured exact production report versions	reviewed v11 cases do not represent recent day-to-day request sizes	artifacts/jev-aspect-v1/jev-production-context-latest-7-v1.json	39149 requests inventoried without retaining article or state text
2026-09-20T00:12:00Z	context	require a boundary probe before declaring ranking or tier safe	observed-ratio estimates place 164 of 8367 ranking requests and 98 of 456 tier requests at or above 32000 tokens	artifacts/jev-aspect-v1/jev-production-context-latest-7-v1.md	grouping confidence and daily-theme estimates remain below 32000; ranking and tier remain unresolved
2026-09-20T00:25:00Z	context	preregister three deterministic ASCII boundary requests before provider execution	the smallest useful probe covers below, at, and beyond the documented approximate 150000-character point without production text	artifacts/jev-aspect-v1/jev-context-boundary-protocol-v1.json	protocol sha256 db671b7658bc7a42dee4605c3ff9c02824e3809eb837f928196e196993da79c9; maximum 3 one-attempt requests; separate spend ceiling 0.05 USD
2026-09-20T00:31:00Z	context	preregister a three-request follow-up at 80000 100000 and 110000 characters	all v1 cases at 120000 characters or larger were rejected before billing, so lower points are required to bracket acceptance	artifacts/jev-aspect-v1/jev-context-boundary-protocol-v2.json	protocol sha256 269603e354ff5a82c75567e6edebe851dc4a97ff577a97320e94c59bfa838eb9; bound to v1 result sha256 72b1c22be77fc844bd11802f7c8fdafb3aab7109a26b5f8e57c182e133e71ed3; maximum 3 one-attempt requests; separate spend ceiling 0.05 USD
2026-09-20T00:36:00Z	context	preregister a final three-request band at 40000 60000 and 70000 characters	all v2 cases at 80000 characters or larger were rejected before billing; an accepted lower case is needed to bracket the cutoff	artifacts/jev-aspect-v1/jev-context-boundary-protocol-v3.json	protocol sha256 b7aff212d07d7192202e4f3d94110ca6cd8b4b5d652a71e0496c0c38e0474b85; bound to v2 result sha256 269061a4c0f452993d3fb6e5de47e356f0378dc11ce2672886f5dcd74d919000; maximum 3 one-attempt requests; separate spend ceiling 0.05 USD
2026-09-20T00:40:00Z	context	classify Jev overflow behavior as hard rejection rather than silent truncation	70000 ASCII characters was accepted at 30489 provider-counted input tokens with the final marker observed; 80000 and all larger probes returned HTTP 400 max_tokens_exceeded	artifacts/jev-aspect-v1/jev-context-boundary-report-v1.md	observed character cutoff bracket is 70000 accepted to 80000 rejected for this deterministic corpus; total spend 0.003117828 USD
2026-09-20T06:31:57Z	context	use a 70000-character local refusal guard with unchanged full-state incumbent fallback	character count is not a tokenizer bound; reviewed data has no over-guard labels; clipping could remove up to 70493 ranking or 40825 tier characters	artifacts/jev-aspect-v1/jev-context-safety-decision-v1.json	context status: relevance conditional, grouping safe, ranking conditional, tier unsafe, confidence safe, daily_theme safe; no production migration
2026-09-20T06:31:57Z	cost	batch the two tier questions only when evaluating a state that passes the context guard	one exact production state showed shared-state billing without changing state size or establishing quality equivalence	artifacts/jev-aspect-v1/jev-batched-tier-cost-v1.json	11482 separate input tokens versus 5841 batched; 49.1291 percent reduction; spend 0.000727566 USD
2026-09-20T07:02:57Z	synthesis	preserve per-product and per-aspect Jev decisions in one deterministic research snapshot	a blanket winner claim would erase registered gates, derived-benchmark limits, context constraints, and missing sentiment labels	artifacts/jev-research-v1/jev-research-snapshot-v1.json	News relevance eligible; Job relevance not eligible; tier unsafe; sentiment not evaluable; no blanket production migration
2026-09-20T07:15:53Z	decision	advance only News relevance to a guarded incumbent-authoritative shadow rollout	News relevance is the only directly comparable concern where Jev passed the registered quality gate; all other prompt classes fail a gate, lack complete-task evidence, lack labels, or have unsafe context	artifacts/jev-research-v1/jev-deployment-decision-v1.json	created news-aggregator-vt6.8; all unsupported classes retain the incumbent or remain research-only; no production behavior changed
